환	NNP
호	NNP
현	NNP
행	NNP
핵	NNP
해	NNP
항	NNP
합	NNP
할	NNP
푼	NNP
표	NNP
축	NNP
초	NNP
참	NNP
점	NNP
원	NNP
열	NNP
역	NNP
식	NNP
선	NNP
변	NNP
밑	NNP
몫	NNP
면	NNP
리	NNP
롤	NNP
도	NNP
근	NNP
극	NNP
군	NNP
구	NNP
곱	NNP
값	NNP
각	NNP
후항	NNP
회전	NNP
회로	NNP
활꼴	NNP
환율	NNP
확률	NNP
확대	NNP
홀수	NNP
허점	NNP
허원	NNP
허수	NNP
허근	NNP
행렬	NNP
합동	NNP
함수	NNP
할선	NNP
하한	NNP
하계	NNP
표차	NNP
표집	NNP
표본	NNP
표면	NNP
평행	NNP
평면	NNP
평균	NNP
평각	NNP
편차	NNP
편각	NNP
투영	NNP
통분	NNP
통계	NNP
타원	NNP
코시	NNP
켤레	NNP
치환	NNP
치역	NNP
측정	NNP
측도	NNP
축척	NNP
축소	NNP
축도	NNP
추출	NNP
추정	NNP
최소	NNP
최대	NNP
초점	NNP
초과	NNP
참값	NNP
차원	NNP
차수	NNP
짝수	NNP
집합	NNP
진수	NNP
진동	NNP
직선	NNP
직교	NNP
직각	NNP
지표	NNP
지수	NNP
지름	NNP
증분	NNP
증명	NNP
중점	NNP
중심	NNP
중선	NNP
중근	NNP
준선	NNP
주판	NNP
주치	NNP
주축	NNP
주기	NNP
주값	NNP
좌표	NNP
좌변	NNP
종점	NNP
종속	NNP
조합	NNP
조건	NNP
제수	NNP
제곱	NNP
정점	NNP
정의	NNP
정역	NNP
정수	NNP
접점	NNP
접원	NNP
접선	NNP
점원	NNP
절편	NNP
전항	NNP
전개	NNP
적분	NNP
장축	NNP
작도	NNP
자취	NNP
자리	NNP
입체	NNP
일차	NNP
인수	NNP
이항	NNP
이차	NNP
음수	NNP
유계	NNP
윗변	NNP
위수	NNP
위끝	NNP
원호	NNP
원주	NNP
원점	NNP
원소	NNP
원뿔	NNP
우호	NNP
우변	NNP
우각	NNP
외항	NNP
외접	NNP
외점	NNP
외적	NNP
외심	NNP
외분	NNP
외부	NNP
외각	NNP
올림	NNP
오차	NNP
오심	NNP
오목	NNP
예각	NNP
옆면	NNP
영역	NNP
열호	NNP
열각	NNP
연속	NNP
연산	NNP
연비	NNP
연립	NNP
연금	NNP
역원	NNP
역수	NNP
여각	NNP
엇각	NNP
어림	NNP
양수	NNP
양변	NNP
약수	NNP
약분	NNP
안각	NNP
실수	NNP
실근	NNP
시점	NNP
승수	NNP
숫자	NNP
순열	NNP
수학	NNP
수평	NNP
수판	NNP
수직	NNP
수열	NNP
수심	NNP
수렴	NNP
소수	NNP
소거	NNP
세로	NNP
세금	NNP
성분	NNP
선분	NNP
상한	NNP
상수	NNP
상계	NNP
삼차	NNP
산술	NNP
산수	NNP
사칙	NNP
사차	NNP
사인	NNP
사상	NNP
사건	NNP
뿔면	NNP
뺄셈	NNP
빼기	NNP
빗변	NNP
빗면	NNP
비율	NNP
비례	NNP
불능	NNP
분해	NNP
분포	NNP
분자	NNP
분수	NNP
분산	NNP
분모	NNP
부호	NNP
부피	NNP
부정	NNP
볼록	NNP
복호	NNP
복비	NNP
복리	NNP
보각	NNP
변환	NNP
변역	NNP
변수	NNP
변량	NNP
벡터	NNP
법선	NNP
범위	NNP
배수	NNP
배각	NNP
방심	NNP
발산	NNP
반원	NNP
반수	NNP
반례	NNP
반구	NNP
바깥	NNP
밑변	NNP
밑면	NNP
밑각	NNP
미분	NNP
미만	NNP
무한	NNP
무게	NNP
모순	NNP
모수	NNP
모선	NNP
모드	NNP
명제	NNP
로그	NNP
등호	NNP
등식	NNP
등분	NNP
들이	NNP
뒤항	NNP
둘레	NNP
둔각	NNP
동치	NNP
독립	NNP
도형	NNP
도표	NNP
도수	NNP
덧셈	NNP
대칭	NNP
대입	NNP
대응	NNP
대원	NNP
대우	NNP
대변	NNP
대각	NNP
대각	NNP
닮음	NNP
단면	NNP
단리	NNP
누적	NNP
누계	NNP
높이	NNP
농도	NNP
넓이	NNP
내항	NNP
내접	NNP
내점	NNP
내적	NNP
내심	NNP
내분	NNP
내부	NNP
내각	NNP
나선	NNP
끝항	NNP
끝점	NNP
길이	NNP
기호	NNP
기저	NNP
기약	NNP
기수	NNP
급수	NNP
근호	NNP
근사	NNP
근방	NNP
극소	NNP
극대	NNP
극값	NNP
구면	NNP
구간	NNP
교점	NNP
교선	NNP
교각	NNP
관계	NNP
공차	NNP
공준	NNP
공역	NNP
공식	NNP
공비	NNP
공리	NNP
공간	NNP
곱셈	NNP
곡선	NNP
곡면	NNP
곡률	NNP
고차	NNP
고계	NNP
계차	NNP
계승	NNP
계수	NNP
계급	NNP
경로	NNP
경계	NNP
결론	NNP
검정	NNP
거짓	NNP
거리	NNP
감수	NNP
감소	NNP
각뿔	NNP
각도	NNP
가측	NNP
가정	NNP
가설	NNP
가로	NNP
y축	NNP
x축	NNP
xi	NNP
pm	NNP
pi	NNP
nu	NNP
mu	NNP
mp	NNP
ll	NNP
in	NNP
gg	NNP
Xi	NNP
Pi	NNP
회전축	NNP
회전체	NNP
회전각	NNP
활꼴각	NNP
확대비	NNP
홀함수	NNP
홀순열	NNP
홀수점	NNP
호제법	NNP
호도법	NNP
허타원	NNP
허직선	NNP
허수축	NNP
행벡터	NNP
행렬식	NNP
항등원	NNP
항등식	NNP
합집합	NNP
합성수	NNP
합사건	NNP
함숫값	NNP
할인율	NNP
할부금	NNP
피승수	NNP
표준화	NNP
표준형	NNP
포물선	NNP
폐구간	NNP
폐곡선	NNP
평행선	NNP
평면도	NNP
편미분	NNP
팔면체	NNP
판별식	NNP
파스칼	NNP
특이점	NNP
특수해	NNP
투영면	NNP
투영도	NNP
테일러	NNP
탄젠트	NNP
탄력성	NNP
타원체	NNP
타원면	NNP
코사인	NNP
켤레근	NNP
케일리	NNP
측지선	NNP
측정값	NNP
측면도	NNP
축소도	NNP
추이율	NNP
최적화	NNP
최솟값	NNP
최빈수	NNP
최빈값	NNP
최댓값	NNP
첫째항	NNP
차집합	NNP
짧은축	NNP
짝순열	NNP
짝수점	NNP
진분수	NNP
진릿값	NNP
진리표	NNP
중적분	NNP
중앙값	NNP
중심선	NNP
중심각	NNP
좌표축	NNP
조건문	NNP
제곱표	NNP
제곱수	NNP
제곱비	NNP
제곱근	NNP
정직선	NNP
정적분	NNP
정의역	NNP
정수론	NNP
정사영	NNP
정비례	NNP
정각뿔	NNP
접평면	NNP
점화식	NNP
점집합	NNP
점대칭	NNP
점근점	NNP
점근선	NNP
절댓값	NNP
전환법	NNP
전사건	NNP
전미분	NNP
전개식	NNP
전개도	NNP
적분학	NNP
적분법	NNP
적립금	NNP
자연수	NNP
자릿값	NNP
입면도	NNP
일반해	NNP
일반항	NNP
일반각	NNP
이항식	NNP
이진법	NNP
이자율	NNP
이심률	NNP
유한군	NNP
유리화	NNP
유리식	NNP
유리수	NNP
원주율	NNP
원주각	NNP
원시근	NNP
원순열	NNP
원둘레	NNP
원기둥	NNP
우함수	NNP
외접원	NNP
외분점	NNP
오진법	NNP
오일러	NNP
오면체	NNP
오각형	NNP
오각뿔	NNP
영행렬	NNP
영인자	NNP
영벡터	NNP
영가설	NNP
열벡터	NNP
연제법	NNP
연역법	NNP
연속성	NNP
연산자	NNP
역행렬	NNP
역함수	NNP
역치환	NNP
역연산	NNP
역사인	NNP
역사상	NNP
역변환	NNP
여집합	NNP
여인자	NNP
여인수	NNP
여사건	NNP
어림수	NNP
어림셈	NNP
양함수	NNP
안장점	NNP
아랫변	NNP
아래끝	NNP
쌍곡선	NNP
쌍곡면	NNP
십진법	NNP
실수축	NNP
실수체	NNP
실수배	NNP
신뢰도	NNP
시컨트	NNP
시초선	NNP
스칼라	NNP
순허수	NNP
순서짝	NNP
순서쌍	NNP
순서수	NNP
순서도	NNP
수형도	NNP
수직선	NNP
소인수	NNP
소수점	NNP
소거법	NNP
세제곱	NNP
세로축	NNP
선대칭	NNP
서로소	NNP
상수항	NNP
상관표	NNP
상관도	NNP
삼중근	NNP
삼수선	NNP
삼각형	NNP
삼각수	NNP
삼각뿔	NNP
삼각비	NNP
산포도	NNP
산점도	NNP
사잇값	NNP
사분면	NNP
사변형	NNP
사면체	NNP
사각형	NNP
사각수	NNP
사각뿔	NNP
빗원뿔	NNP
빗각뿔	NNP
비례식	NNP
불연속	NNP
분포표	NNP
분수식	NNP
부채꼴	NNP
부정형	NNP
부분환	NNP
부분합	NNP
부분체	NNP
부등호	NNP
부등식	NNP
부동점	NNP
복소수	NNP
복비례	NNP
복부호	NNP
보조선	NNP
보간법	NNP
변화율	NNP
변곡점	NNP
백분율	NNP
방향수	NNP
방향비	NNP
방향각	NNP
방정식	NNP
방접원	NNP
방위각	NNP
반평면	NNP
반직선	NNP
반지름	NNP
반올림	NNP
반사율	NNP
반비례	NNP
바깥점	NNP
바깥각	NNP
밑면적	NNP
밑넓이	NNP
미지항	NNP
미지수	NNP
미분몫	NNP
무한대	NNP
무연근	NNP
무리식	NNP
무리수	NNP
모평균	NNP
모집단	NNP
모서리	NNP
모비율	NNP
모분산	NNP
멱집합	NNP
멱급수	NNP
메디안	NNP
마방진	NNP
마름모	NNP
로피탈	NNP
로그표	NNP
라디안	NNP
등치법	NNP
동차식	NNP
동위각	NNP
동심원	NNP
동류항	NNP
도함수	NNP
대푯값	NNP
대칭축	NNP
대입법	NNP
대응점	NNP
대응변	NNP
대응각	NNP
대분수	NNP
대각화	NNP
대각선	NNP
단항식	NNP
단위점	NNP
단위원	NNP
단위근	NNP
다항식	NNP
다면체	NNP
다각형	NNP
다각뿔	NNP
내접원	NNP
내접구	NNP
내분점	NNP
내대각	NNP
난수표	NNP
나머지	NNP
나눗셈	NNP
나누기	NNP
끼인각	NNP
꼭짓점	NNP
꼭지각	NNP
꺾은선	NNP
기함수	NNP
기준량	NNP
기울기	NNP
기수법	NNP
기댓값	NNP
기각역	NNP
근삿값	NNP
근사해	NNP
근사식	NNP
극형식	NNP
극한점	NNP
극한값	NNP
극평면	NNP
극좌표	NNP
극솟값	NNP
극댓값	NNP
그래프	NNP
귀류법	NNP
귀납법	NNP
군수열	NNP
교집합	NNP
교대식	NNP
교대군	NNP
관계식	NNP
공통현	NNP
공통근	NNP
공집합	NNP
공약수	NNP
공사건	NNP
공변역	NNP
공배수	NNP
곱하기	NNP
곱집합	NNP
곱사건	NNP
곡면체	NNP
고정점	NNP
고윳값	NNP
고유치	NNP
고립점	NNP
계급값	NNP
격자점	NNP
겨냥도	NNP
겉넓이	NNP
개집합	NNP
개구간	NNP
각속도	NNP
각뿔대	NNP
각기둥	NNP
가정몫	NNP
가우스	NNP
가속도	NNP
가분수	NNP
가로축	NNP
가능성	NNP
가감법	NNP
top	NNP
tau	NNP
sum	NNP
sim	NNP
rho	NNP
psi	NNP
phi	NNP
neq	NNP
lor	NNP
lll	NNP
lim	NNP
leq	NNP
int	NNP
ggg	NNP
geq	NNP
eta	NNP
end	NNP
dot	NNP
div	NNP
cup	NNP
chi	NNP
cap	NNP
bot	NNP
ast	NNP
Psi	NNP
Phi	NNP
효용함수	NNP
회전이동	NNP
회전변환	NNP
확률표본	NNP
확률분포	NNP
확률변수	NNP
확률공간	NNP
현재가치	NNP
허수부분	NNP
허수단위	NNP
항진명제	NNP
항등함수	NNP
항등변환	NNP
합성함수	NNP
합성변환	NNP
합성명제	NNP
합동조건	NNP
합동변환	NNP
필요조건	NNP
표집오차	NNP
표준편차	NNP
표본평균	NNP
표본추출	NNP
표본조사	NNP
표본오차	NNP
표본비율	NNP
표본분산	NNP
표본공간	NNP
평행이동	NNP
평면벡터	NNP
평면도형	NNP
평면곡선	NNP
평균편차	NNP
평균속도	NNP
특이적분	NNP
코탄젠트	NNP
코시컨트	NNP
충분조건	NNP
최소상계	NNP
초월함수	NNP
진리집합	NNP
직접증명	NNP
직육면체	NNP
직사각형	NNP
직각기둥	NNP
지수함수	NNP
지수분포	NNP
지수법칙	NNP
증가함수	NNP
중심거리	NNP
중복조합	NNP
중복순열	NNP
좌표평면	NNP
좌표변환	NNP
좌표공간	NNP
조화평균	NNP
조화중항	NNP
조화수열	NNP
조화급수	NNP
조립제법	NNP
조건명제	NNP
정팔면체	NNP
정의구역	NNP
정육면체	NNP
정삼각형	NNP
정사면체	NNP
정사각형	NNP
정방행렬	NNP
정다면체	NNP
정다각형	NNP
정규분포	NNP
정각뿔대	NNP
정각기둥	NNP
점근곡선	NNP
점그래프	NNP
절대오차	NNP
절대수렴	NNP
전치행렬	NNP
전체집합	NNP
전체사건	NNP
전수조사	NNP
전사함수	NNP
적분한계	NNP
적분인자	NNP
적분상수	NNP
적분변수	NNP
적분가능	NNP
자연로그	NNP
입체도형	NNP
임의표집	NNP
임의표본	NNP
일차종속	NNP
일차변환	NNP
일차독립	NNP
일차결합	NNP
일가함수	NNP
인접행렬	NNP
인수정리	NNP
인수분해	NNP
이항정리	NNP
이항연산	NNP
이항분포	NNP
이항계수	NNP
이차곡선	NNP
이차곡면	NNP
이중적분	NNP
이중근호	NNP
이산수학	NNP
이산분포	NNP
유한수열	NNP
유한소수	NNP
유의수준	NNP
유리함수	NNP
위치벡터	NNP
원시함수	NNP
원리합계	NNP
원그래프	NNP
완전제곱	NNP
오름차순	NNP
오각기둥	NNP
열린집합	NNP
열린구간	NNP
연쇄법칙	NNP
연속함수	NNP
연속분포	NNP
연속변수	NNP
연속변량	NNP
연속공리	NNP
역탄젠트	NNP
역코사인	NNP
역시컨트	NNP
양측검정	NNP
알고리즘	NNP
아크사인	NNP
쌍조건문	NNP
실수부분	NNP
신뢰구간	NNP
순환소수	NNP
순환마디	NNP
순간속도	NNP
수렴반경	NNP
수렴구간	NNP
소수자리	NNP
세제곱비	NNP
세제곱근	NNP
세로좌표	NNP
선형변환	NNP
상용로그	NNP
상수함수	NNP
상대오차	NNP
상대도수	NNP
상관관계	NNP
상관계수	NNP
삼단논법	NNP
삼각함수	NNP
삼각측량	NNP
삼각뿔대	NNP
삼각기둥	NNP
사다리꼴	NNP
사각뿔대	NNP
사각기둥	NNP
빼는 수	NNP
빗원기둥	NNP
빗각기둥	NNP
비용함수	NNP
비례중항	NNP
비례상수	NNP
비례부분	NNP
비례배분	NNP
비둘기집	NNP
불연속성	NNP
분포곡선	NNP
분수함수	NNP
분배법칙	NNP
부정적분	NNP
부분집합	NNP
부분적분	NNP
부분수열	NNP
부분분수	NNP
복소평면	NNP
변수분리	NNP
배수비례	NNP
배분법칙	NNP
배반사건	NNP
방향벡터	NNP
방향계수	NNP
반복시행	NNP
반개구간	NNP
미분계수	NNP
미분가능	NNP
묶음법칙	NNP
무한집합	NNP
무한수열	NNP
무한소수	NNP
무한급수	NNP
무리함수	NNP
무게중심	NNP
목적함수	NNP
명제함수	NNP
매개변수	NNP
맞꼭지각	NNP
로그함수	NNP
따름정리	NNP
등차중항	NNP
등차수열	NNP
등차급수	NNP
등적변형	NNP
등비중항	NNP
등비수열	NNP
등비급수	NNP
등각사상	NNP
등가속도	NNP
동치관계	NNP
동측내각	NNP
도수분포	NNP
대칭행렬	NNP
대칭관계	NNP
대수함수	NNP
대립가설	NNP
닫힌집합	NNP
닫힌구간	NNP
단조함수	NNP
단조증가	NNP
단조수열	NNP
단조감소	NNP
단위행렬	NNP
단위벡터	NNP
단순명제	NNP
단사함수	NNP
다항함수	NNP
다항정리	NNP
다각뿔대	NNP
다각기둥	NNP
다가함수	NNP
누적도수	NNP
내장함수	NNP
내림차순	NNP
기하평균	NNP
기하분포	NNP
기하급수	NNP
기약분수	NNP
기본행렬	NNP
기본주기	NNP
기본단위	NNP
근판정법	NNP
근원사건	NNP
극방정식	NNP
균형가격	NNP
균등분포	NNP
귀무가설	NNP
구간추정	NNP
교환법칙	NNP
교대급수	NNP
공통접선	NNP
공통인수	NNP
공통약수	NNP
공통수선	NNP
공통분모	NNP
공통배수	NNP
공급함수	NNP
공간좌표	NNP
공간벡터	NNP
공간도형	NNP
공간곡선	NNP
곱셈정리	NNP
곱셈구구	NNP
고유벡터	NNP
고른분포	NNP
계차수열	NNP
계단함수	NNP
결합법칙	NNP
결정조건	NNP
거리공간	NNP
거듭제곱	NNP
감소함수	NNP
감소상태	NNP
가로좌표	NNP
zeta	NNP
succ	NNP
sqrt	NNP
prod	NNP
prec	NNP
owns	NNP
oint	NNP
odot	NNP
left	NNP
land	NNP
iota	NNP
iint	NNP
frac	NNP
ddot	NNP
cong	NNP
circ	NNP
beta	NNP
히스토그램	NNP
혼순환소수	NNP
해석기하학	NNP
한붓그리기	NNP
한계생산량	NNP
피타고라스	NNP
피적분함수	NNP
평행육면체	NNP
평행사변형	NNP
평균변화율	NNP
타원포물면	NNP
켤레쌍곡선	NNP
켤레복소수	NNP
최소공배수	NNP
최대공약수	NNP
진부분집합	NNP
직각쌍곡선	NNP
직각삼각형	NNP
지수부등식	NNP
지수방정식	NNP
조건부등식	NNP
정이십면체	NNP
정십이면체	NNP
정상 상태	NNP
정사각행렬	NNP
정사각뿔대	NNP
정규분포표	NNP
절대부등식	NNP
전단사함수	NNP
적분판정법	NNP
일엽쌍곡면	NNP
일대일함수	NNP
일대일대응	NNP
이항방정식	NNP
이차방정식	NNP
이엽쌍곡면	NNP
유리부등식	NNP
유리방정식	NNP
원소나열법	NNP
우미분계수	NNP
외접다각형	NNP
오목사각형	NNP
오목다면체	NNP
오목다각형	NNP
예각삼각형	NNP
연립부등식	NNP
연립방정식	NNP
역삼각함수	NNP
안정 상태	NNP
아크탄젠트	NNP
아크코사인	NNP
아크시컨트	NNP
쌍곡포물면	NNP
순순환소수	NNP
순간변화율	NNP
순간가속도	NNP
수렴반지름	NNP
소인수분해	NNP
선형계획법	NNP
상반방정식	NNP
삼차부등식	NNP
삼차방정식	NNP
삼각함수표	NNP
삼각부등식	NNP
삼각방정식	NNP
사영기하학	NNP
비율판정법	NNP
비복원추출	NNP
비교판정법	NNP
분포다각형	NNP
분수부등식	NNP
분수방정식	NNP
부정방정식	NNP
부분적분법	NNP
복원 추출	NNP
방향코사인	NNP
방향도함수	NNP
미정계수법	NNP
미분방정식	NNP
미분가능한	NNP
무리분수식	NNP
무리부등식	NNP
무리방정식	NNP
모표준편차	NNP
만나는 점	NNP
만나는 선	NNP
막대그래프	NNP
롤의 정리	NNP
로그부등식	NNP
로그방정식	NNP
등변다각형	NNP
둔각삼각형	NNP
대수방정식	NNP
단일폐곡선	NNP
단순폐곡선	NNP
다이어그램	NNP
내접사변형	NNP
내접사각형	NNP
내접다각형	NNP
나머지정리	NNP
나머지사건	NNP
꼬인 위치	NNP
기약분수식	NNP
기약다항식	NNP
기본행연산	NNP
급수의 합	NNP
그림그래프	NNP
구분구적법	NNP
공통외접선	NNP
공통내접선	NNP
공간기하학	NNP
곱의 법칙	NNP
곡률반지름	NNP
고차부등식	NNP
고차방정식	NNP
고계도함수	NNP
거듭제곱근	NNP
vdots	NNP
vdash	NNP
uplus	NNP
times	NNP
theta	NNP
sqcup	NNP
sqcap	NNP
simeq	NNP
sigma	NNP
right	NNP
rceil	NNP
oplus	NNP
omega	NNP
notin	NNP
nabla	NNP
ldots	NNP
lceil	NNP
kappa	NNP
infty	NNP
iiint	NNP
grave	NNP
gamma	NNP
frown	NNP
equiv	NNP
doteq	NNP
delta	NNP
ddots	NNP
dashv	NNP
check	NNP
cdots	NNP
cases	NNP
boxed	NNP
begin	NNP
asymp	NNP
angle	NNP
alpha	NNP
acute	NNP
Theta	NNP
Sigma	NNP
Omega	NNP
Large	NNP
Gamma	NNP
Delta	NNP
회전의 중심	NNP
확률질량함수	NNP
확률밀도함수	NNP
필요충분조건	NNP
표준정규분포	NNP
표본표준편차	NNP
정규분포곡선	NNP
일반항판정법	NNP
이항확률변수	NNP
이산확률분포	NNP
이산확률변수	NNP
연속확률분포	NNP
연속확률변수	NNP
역쌍곡선함수	NNP
수직이등분선	NNP
사각형그래프	NNP
벤다이어그램	NNP
무한등비수열	NNP
무한등비급수	NNP
등변사다리꼴	NNP
등각사다리꼴	NNP
대수의 법칙	NNP
단조수렴정리	NNP
뉴턴의 방법	NNP
꺾은선그래프	NNP
곱해지는 수	NNP
고계미분계수	NNP
계급의 크기	NNP
거듭제곱급수	NNP
veebar	NNP
supset	NNP
subset	NNP
rfloor	NNP
propto	NNP
otimes	NNP
oslash	NNP
ominus	NNP
models	NNP
matrix	NNP
mathop	NNP
mapsto	NNP
lfloor	NNP
lambda	NNP
forall	NNP
exists	NNP
diagup	NNP
dagger	NNP
coprod	NNP
bullet	NNP
bigcup	NNP
bigcap	NNP
approx	NNP
Lambda	NNP
Bumpeq	NNP
중간값의 정리	NNP
오일러 NNP	
연립일차부등식	NNP
연립일차방정식	NNP
연립이차방정식	NNP
수학적 귀납법	NNP
선형미분방정식	NNP
사잇값의 정리	NNP
뫼비우스의 띠	NNP
마르코프 연쇄	NNP
로피탈의 법칙	NNP
도수분포다각형	NNP
극한비교판정법	NNP
교대급수판정법	NNP
각각  MAG	
가우스 소거법	NNP
widehat	NNP
vmatrix	NNP
upsilon	NNP
uparrow	NNP
swarrow	NNP
searrow	NNP
pmatrix	NNP
partial	NNP
overset	NNP
omicron	NNP
nwarrow	NNP
nearrow	NNP
mathcal	NNP
eqalign	NNP
epsilon	NNP
dotplus	NNP
diamond	NNP
ddagger	NNP
bmatrix	NNP
bigstar	NNP
bigodot	NNP
bigcirc	NNP
because	NNP
Upsilon	NNP
Uparrow	NNP
HULKVEC	NNP
HULKHAT	NNP
HULKDOT	NNP
HULKBOX	NNP
HULKBAR	NNP
황금비     	NNP
황금분할    	NNP
피보나치수열  	NNP
프랙털     	NNP
표본분포    	NNP
평면그래프   	NNP
편도함수    	NNP
추적선     	NNP
직각이등변삼각형	NNP
정리      	NNP
이상적분    	NNP
이산변수    	NNP
이산변량    	NNP
이산      	NNP
이면각     	NNP
이등분     	NNP
이등변삼각형  	NNP
이계도함수   	NNP
이       	JKS
의       	JKG
음함수     	NNP
음수      	NNP
음       	NNP
을       	JKO
은       	JX
으로      	JKB
육십분법    	NNP
육면체     	NNP
육각형     	NNP
육각뿔     	NNP
육각기둥    	NNP
유효숫자    	NNP
유향직선    	NNP
유향선분    	NNP
유한체     	NNP
유한집합    	NNP
유클리드 기하학	NNP
와       	JC
에서      	JKB
에       	JKB
보기      	NNP
를       	JKO
로       	JKB
디       	
든       	
드모르간의 법칙	NNP
드       	
도       	JX
니       	
는       	JX
그       	
과       	JC
가       	JKS
triangle	NNP
supseteq	NNP
subseteq	NNP
sqsupset	NNP
sqsubset	NNP
overline	NNP
emptyset	NNP
diagdown	NNP
biguplus	NNP
bigsqcup	NNP
bigoplus	NNP
HULKDYAD	NNP
HULKDDOT	NNP
HULKCASE	NNP
HULKARCH	NNP
widetilde	NNP
underline	NNP
therefore	NNP
overbrace	NNP
leftarrow	NNP
downarrow	NNP
bigotimes	NNP
Leftarrow	NNP
HULKTILDE	NNP
HULKGRAVE	NNP
HULKCHECK	NNP
HULKACUTE	NNP
Downarrow	NNP
underbrace	NNP
sqsupseteq	NNP
sqsubseteq	NNP
rightarrow	NNP
Rightarrow	NNP
HULKMATRIX	NNP
updownarrow	NNP
Updownarrow	NNP
HULKPMATRIX	NNP
HULKEQALIGN	NNP
HULKDMATRIX	NNP
HULKBMATRIX	NNP
risingdotseq	NNP
measuredangle	NNP
hookleftarrow	NNP
fallingdotseq	NNP
HULKOVERBRACE	NNP
sphericalangle	NNP
overrightarrow	NNP
leftrightarrow	NNP
hookrightarrow	NNP
Leftrightarrow	NNP
HULKUNDERBRACE	NNP
overleftrightarrow	NNP
